"Reference Area","Time Period","Sex","Age group","Units of measurement","Observation Value"
"Albania","2008","All genders","Not applicable","Number","467"
"Algeria","2005","All genders","Not applicable","Number","5593"
"American Samoa","2005","All genders","Not applicable","Number","6"
"American Samoa","2004","All genders","Not applicable","Number","9"
"American Samoa","2003","All genders","Not applicable","Number","24"
"American Samoa","2002","All genders","Not applicable","Number","5"
"Angola","2011","All genders","Not applicable","Number","1150"
"Argentina","2011","All genders","Not applicable","Number","50339.8906136767"
"Argentina","2010","All genders","Not applicable","Number","47580"
"Argentina","2009","All genders","Not applicable","Number","43717"
"Argentina","2008","All genders","Not applicable","Number","41523"
"Argentina","2007","All genders","Not applicable","Number","38681"
"Argentina","2006","All genders","Not applicable","Number","35040"
"Argentina","2005","All genders","Not applicable","Number","31868"
"Argentina","2004","All genders","Not applicable","Number","29471"
"Argentina","2003","All genders","Not applicable","Number","27367"
"Argentina","2002","All genders","Not applicable","Number","26083"
"Argentina","2001","All genders","Not applicable","Number","25656"
"Argentina","2000","All genders","Not applicable","Number","26420"
"Argentina","1999","All genders","Not applicable","Number","26004"
"Argentina","1998","All genders","Not applicable","Number","25419"
"Argentina","1997","All genders","Not applicable","Number","24804"
"Australia","2008","All genders","Not applicable","Number","92648.8"
"Australia","2006","All genders","Not applicable","Number","87201"
"Australia","2004","All genders","Not applicable","Number","81191.5"
"Australia","2002","All genders","Not applicable","Number","73173"
"Australia","2000","All genders","Not applicable","Number","66001.4"
"Australia","1998","All genders","Not applicable","Number","62864.5"
"Australia","1996","All genders","Not applicable","Number","61040.76"
"Austria","2012","All genders","Not applicable","Number","38637.4"
"Austria","2011","All genders","Not applicable","Number","37113.8"
"Austria","2010","All genders","Not applicable","Number","36232.6"
"Austria","2009","All genders","Not applicable","Number","34663.7"
"Austria","2008","All genders","Not applicable","Number","34508.3"
"Austria","2007","All genders","Not applicable","Number","31675.6"
"Austria","2006","All genders","Not applicable","Number","29198.7"
"Austria","2005","All genders","Not applicable","Number","28469.6"
"Austria","2004","All genders","Not applicable","Number","25955.2"
"Austria","2002","All genders","Not applicable","Number","24124.1"
"Austria","1998","All genders","Not applicable","Number","18714.8"
"Belgium","2012","All genders","Not applicable","Number","44052.18"
"Belgium","2011","All genders","Not applicable","Number","42685.77"
"Belgium","2010","All genders","Not applicable","Number","40832.47"
"Belgium","2009","All genders","Not applicable","Number","38225.41"
"Belgium","2008","All genders","Not applicable","Number","36774.46"
"Belgium","2007","All genders","Not applicable","Number","36318.44"
"Belgium","2006","All genders","Not applicable","Number","34878.93"
"Belgium","2005","All genders","Not applicable","Number","33146.01"
"Belgium","2004","All genders","Not applicable","Number","32400.38"
"Belgium","2003","All genders","Not applicable","Number","30917.12"
"Belgium","2002","All genders","Not applicable","Number","30668.09"
"Belgium","2001","All genders","Not applicable","Number","32236.5"
"Belgium","2000","All genders","Not applicable","Number","30539.64"
"Belgium","1999","All genders","Not applicable","Number","29731.56"
"Belgium","1998","All genders","Not applicable","Number","27592.01"
"Belgium","1997","All genders","Not applicable","Number","26262.91"
"Belgium","1996","All genders","Not applicable","Number","25129.75"
"Bolivia","2010","All genders","Not applicable","Number","1645.975"
"Bolivia","2009","All genders","Not applicable","Number","1422"
"Bolivia","2002","All genders","Not applicable","Number","1040"
"Bolivia","2001","All genders","Not applicable","Number","1050"
"Bolivia","2000","All genders","Not applicable","Number","600"
"Bolivia","1999","All genders","Not applicable","Number","600"
"Bolivia","1998","All genders","Not applicable","Number","590"
"Bosnia and Herzegovina","2007","All genders","Not applicable","Number","745.17"
"Bosnia and Herzegovina","2006","All genders","Not applicable","Number","671.123"
"Bosnia and Herzegovina","2005","All genders","Not applicable","Number","252.813"
"Bosnia and Herzegovina","2004","All genders","Not applicable","Number","238.754"
"Bosnia and Herzegovina","2003","All genders","Not applicable","Number","231.728"
"Brazil","2010","All genders","Not applicable","Number","138653"
"Brazil","2009","All genders","Not applicable","Number","129102"
"Brazil","2008","All genders","Not applicable","Number","120529"
"Brazil","2007","All genders","Not applicable","Number","116270"
"Brazil","2006","All genders","Not applicable","Number","112318"
"Brazil","2005","All genders","Not applicable","Number","109410"
"Brazil","2004","All genders","Not applicable","Number","100238"
"Brazil","2003","All genders","Not applicable","Number","90018"
"Brazil","2002","All genders","Not applicable","Number","82233"
"Brazil","2001","All genders","Not applicable","Number","77927"
"Brazil","2000","All genders","Not applicable","Number","73875"
"Brunei Darussalam","2004","All genders","Not applicable","Number","101.9"
"Brunei Darussalam","2003","All genders","Not applicable","Number","98"
"Brunei Darussalam","2002","All genders","Not applicable","Number","99"
"Bulgaria","2012","All genders","Not applicable","Number","11295"
"Bulgaria","2011","All genders","Not applicable","Number","11902"
"Bulgaria","2010","All genders","Not applicable","Number","10979"
"Bulgaria","2009","All genders","Not applicable","Number","11968"
"Bulgaria","2008","All genders","Not applicable","Number","11384"
"Bulgaria","2007","All genders","Not applicable","Number","11203"
"Bulgaria","2006","All genders","Not applicable","Number","10336"
"Bulgaria","2005","All genders","Not applicable","Number","10053"
"Bulgaria","2004","All genders","Not applicable","Number","9827"
"Bulgaria","2003","All genders","Not applicable","Number","9589"
"Bulgaria","2002","All genders","Not applicable","Number","9223"
"Bulgaria","2001","All genders","Not applicable","Number","9217"
"Bulgaria","2000","All genders","Not applicable","Number","9479"
"Bulgaria","1999","All genders","Not applicable","Number","10580"
"Bulgaria","1998","All genders","Not applicable","Number","11972"
"Bulgaria","1997","All genders","Not applicable","Number","11980"
"Bulgaria","1996","All genders","Not applicable","Number","14751"
"Burkina Faso","2010","All genders","Not applicable","Number","742.445"
"Cambodia","2002","All genders","Not applicable","Number","222.95"
"Canada","2011","All genders","Not applicable","Number","157360"
"Canada","2010","All genders","Not applicable","Number","156260"
"Canada","2009","All genders","Not applicable","Number","150220"
"Canada","2008","All genders","Not applicable","Number","157200"
"Canada","2007","All genders","Not applicable","Number","151330"
"Canada","2006","All genders","Not applicable","Number","140660"
"Canada","2005","All genders","Not applicable","Number","136700"
"Canada","2004","All genders","Not applicable","Number","130380"
"Canada","2003","All genders","Not applicable","Number","123230"
"Canada","2002","All genders","Not applicable","Number","115960"
"Canada","2001","All genders","Not applicable","Number","114510"
"Canada","2000","All genders","Not applicable","Number","107900"
"Canada","1999","All genders","Not applicable","Number","98648"
"Canada","1998","All genders","Not applicable","Number","95214"
"Canada","1997","All genders","Not applicable","Number","93180"
"Canada","1996","All genders","Not applicable","Number","90490"
"Cape Verde","2011","All genders","Not applicable","Number","25"
"Cape Verde","2002","All genders","Not applicable","Number","60"
"Cape Verde","2001","All genders","Not applicable","Number","45"
"Chile","2010","All genders","Not applicable","Number","5440"
"Chile","2009","All genders","Not applicable","Number","4859"
"Chile","2008","All genders","Not applicable","Number","5959.08"
"Chile","2007","All genders","Not applicable","Number","5550.94"
"China","2012","All genders","Not applicable","Number","1404017"
"China","2011","All genders","Not applicable","Number","1318086"
"China","2010","All genders","Not applicable","Number","1210840.8"
"China","2009","All genders","Not applicable","Number","1152311"
"China","2008","All genders","Not applicable","Number","1592420"
"China","2007","All genders","Not applicable","Number","1423381"
"China","2006","All genders","Not applicable","Number","1223756.4"
"China","2005","All genders","Not applicable","Number","1118698"
"China","2004","All genders","Not applicable","Number","926252"
"China","2003","All genders","Not applicable","Number","862108"
"China","2002","All genders","Not applicable","Number","810525"
"China","2001","All genders","Not applicable","Number","742726"
"China","2000","All genders","Not applicable","Number","695062"
"China","1999","All genders","Not applicable","Number","531100"
"China","1998","All genders","Not applicable","Number","485500"
"China","1997","All genders","Not applicable","Number","588700"
"China","1996","All genders","Not applicable","Number","548000"
"Colombia","2011","All genders","Not applicable","Number","8675.1500000001"
"Colombia","2010","All genders","Not applicable","Number","7160.25"
"Colombia","2009","All genders","Not applicable","Number","7499.6096709065"
"Colombia","2008","All genders","Not applicable","Number","8181.7922979377"
"Colombia","2007","All genders","Not applicable","Number","8209.1741007194"
"Colombia","2006","All genders","Not applicable","Number","7727.4692254303"
"Colombia","2005","All genders","Not applicable","Number","7162.60551470583"
"Colombia","2004","All genders","Not applicable","Number","6614.40661205228"
"Colombia","2003","All genders","Not applicable","Number","5831.6223561026"
"Colombia","2002","All genders","Not applicable","Number","5272.7876698902"
"Colombia","2001","All genders","Not applicable","Number","4555.94110161788"
"Colombia","2000","All genders","Not applicable","Number","4010.96632016633"
"Colombia","1997","All genders","Not applicable","Number","2866"
"Colombia","1996","All genders","Not applicable","Number","2668"
"Congo","2000","All genders","Not applicable","Number","101.75"
"Congo","1999","All genders","Not applicable","Number","110.25"
"Congo","1998","All genders","Not applicable","Number","120.25"
"Congo","1997","All genders","Not applicable","Number","142.5"
"Congo","1996","All genders","Not applicable","Number","142"
"Costa Rica","2011","All genders","Not applicable","Number","6107"
"Costa Rica","2010","All genders","Not applicable","Number","5603"
"Costa Rica","2009","All genders","Not applicable","Number","4479"
"Costa Rica","2008","All genders","Not applicable","Number","1165"
"Costa Rica","2005","All genders","Not applicable","Number","526.8"
"Costa Rica","2004","All genders","Not applicable","Number","459"
"Costa Rica","2003","All genders","Not applicable","Number","548"
"CÃ´te d'Ivoire","2005","All genders","Not applicable","Number","1269"
"Croatia","2012","All genders","Not applicable","Number","6688"
"Croatia","2011","All genders","Not applicable","Number","6847"
"Croatia","2010","All genders","Not applicable","Number","7104"
"Croatia","2009","All genders","Not applicable","Number","6931"
"Croatia","2008","All genders","Not applicable","Number","6697"
"Croatia","2007","All genders","Not applicable","Number","6129"
"Croatia","2006","All genders","Not applicable","Number","5778"
"Croatia","2005","All genders","Not applicable","Number","5727"
"Croatia","2004","All genders","Not applicable","Number","7140"
"Croatia","2003","All genders","Not applicable","Number","5861"
"Croatia","2002","All genders","Not applicable","Number","8572"
"Croatia","2001","All genders","Not applicable","Number","6656"
"Croatia","2000","All genders","Not applicable","Number","6772"
"Croatia","1999","All genders","Not applicable","Number","5523"
"Croatia","1998","All genders","Not applicable","Number","4736"
"Cyprus","2012","All genders","Not applicable","Number","895"
"Cyprus","2011","All genders","Not applicable","Number","915"
"Cyprus","2010","All genders","Not applicable","Number","905"
"Cyprus","2009","All genders","Not applicable","Number","873"
"Cyprus","2008","All genders","Not applicable","Number","806"
"Cyprus","2007","All genders","Not applicable","Number","799"
"Cyprus","2006","All genders","Not applicable","Number","748"
"Cyprus","2005","All genders","Not applicable","Number","682"
"Cyprus","2004","All genders","Not applicable","Number","583"
"Cyprus","2003","All genders","Not applicable","Number","490"
"Cyprus","2002","All genders","Not applicable","Number","435"
"Cyprus","2001","All genders","Not applicable","Number","333"
"Cyprus","2000","All genders","Not applicable","Number","303"
"Cyprus","1999","All genders","Not applicable","Number","278"
"Cyprus","1998","All genders","Not applicable","Number","236"
"Czech Republic","2012","All genders","Not applicable","Number","33168.69"
"Czech Republic","2011","All genders","Not applicable","Number","30681.59"
"Czech Republic","2010","All genders","Not applicable","Number","29227.88"
"Czech Republic","2009","All genders","Not applicable","Number","28759.31"
"Czech Republic","2008","All genders","Not applicable","Number","29785.22"
"Czech Republic","2007","All genders","Not applicable","Number","27877.83"
"Czech Republic","2006","All genders","Not applicable","Number","26267.31"
"Czech Republic","2005","All genders","Not applicable","Number","24169.07"
"Czech Republic","2004","All genders","Not applicable","Number","16299.67"
"Czech Republic","2003","All genders","Not applicable","Number","15809"
"Czech Republic","2002","All genders","Not applicable","Number","14974"
"Czech Republic","2001","All genders","Not applicable","Number","14987"
"Czech Republic","2000","All genders","Not applicable","Number","13852"
"Czech Republic","1999","All genders","Not applicable","Number","13535"
"Czech Republic","1998","All genders","Not applicable","Number","12566"
"Czech Republic","1997","All genders","Not applicable","Number","12580"
"Czech Republic","1996","All genders","Not applicable","Number","12963"
"Denmark","2012","All genders","Not applicable","Number","37675.1"
"Denmark","2011","All genders","Not applicable","Number","37944.1"
"Denmark","2010","All genders","Not applicable","Number","37435.1"
"Denmark","2009","All genders","Not applicable","Number","36789"
"Denmark","2008","All genders","Not applicable","Number","35701.68"
"Denmark","2007","All genders","Not applicable","Number","30174.03"
"Denmark","2006","All genders","Not applicable","Number","28846.28"
"Denmark","2005","All genders","Not applicable","Number","28179.01"
"Denmark","2004","All genders","Not applicable","Number","26166.94"
"Denmark","2003","All genders","Not applicable","Number","24881.99"
"Denmark","2002","All genders","Not applicable","Number","25546.9"
"Denmark","2001","All genders","Not applicable","Number","19453"
"Denmark","1999","All genders","Not applicable","Number","18945"
"Denmark","1997","All genders","Not applicable","Number","17511"
"Denmark","1996","All genders","Not applicable","Number","16699"
"Ecuador","2008","All genders","Not applicable","Number","1491.47"
"Ecuador","2007","All genders","Not applicable","Number","924"
"Ecuador","2006","All genders","Not applicable","Number","985"
"Ecuador","2003","All genders","Not applicable","Number","645"
"Ecuador","2002","All genders","Not applicable","Number","550"
"Ecuador","2001","All genders","Not applicable","Number","514"
"Ecuador","1998","All genders","Not applicable","Number","1014"
"Ecuador","1997","All genders","Not applicable","Number","932"
"Ecuador","1996","All genders","Not applicable","Number","983"
"Egypt","2011","All genders","Not applicable","Number","41568.4"
"Egypt","2010","All genders","Not applicable","Number","35583"
"Egypt","2009","All genders","Not applicable","Number","35158"
"Egypt","2008","All genders","Not applicable","Number","34928.7"
"Egypt","2007","All genders","Not applicable","Number","49363"
"Estonia","2012","All genders","Not applicable","Number","4570"
"Estonia","2011","All genders","Not applicable","Number","4511"
"Estonia","2010","All genders","Not applicable","Number","4077"
"Estonia","2009","All genders","Not applicable","Number","4314"
"Estonia","2008","All genders","Not applicable","Number","3979"
"Estonia","2007","All genders","Not applicable","Number","3690"
"Estonia","2006","All genders","Not applicable","Number","3513"
"Estonia","2005","All genders","Not applicable","Number","3331"
"Estonia","2004","All genders","Not applicable","Number","3369"
"Estonia","2003","All genders","Not applicable","Number","3017"
"Estonia","2002","All genders","Not applicable","Number","3059"
"Estonia","2001","All genders","Not applicable","Number","2681"
"Estonia","2000","All genders","Not applicable","Number","2666"
"Estonia","1999","All genders","Not applicable","Number","3002"
"Estonia","1998","All genders","Not applicable","Number","2978"
"Ethiopia","2010","All genders","Not applicable","Number","3701"
"Ethiopia","2007","All genders","Not applicable","Number","1615"
"Ethiopia","2005","All genders","Not applicable","Number","1608"
"Faeroe Islands","2003","All genders","Not applicable","Number","86"
"Finland","2012","All genders","Not applicable","Number","40468"
"Finland","2011","All genders","Not applicable","Number","40002.61"
"Finland","2010","All genders","Not applicable","Number","41425.04"
"Finland","2009","All genders","Not applicable","Number","40848.74"
"Finland","2008","All genders","Not applicable","Number","40878.95"
"Finland","2007","All genders","Not applicable","Number","38999.52"
"Finland","2006","All genders","Not applicable","Number","40410.91"
"Finland","2005","All genders","Not applicable","Number","39582"
"Finland","2004","All genders","Not applicable","Number","41003.53"
"Finland","2003","All genders","Not applicable","Number","41724"
"Finland","2002","All genders","Not applicable","Number","38630"
"Finland","2001","All genders","Not applicable","Number","36889"
"Finland","2000","All genders","Not applicable","Number","34847"
"Finland","1999","All genders","Not applicable","Number","32676"
"Finland","1998","All genders","Not applicable","Number","30431"
"Finland","1997","All genders","Not applicable","Number","26483"
"France","2011","All genders","Not applicable","Number","249086.31"
"France","2010","All genders","Not applicable","Number","243533.23"
"France","2009","All genders","Not applicable","Number","234366.05"
"France","2008","All genders","Not applicable","Number","227678.53"
"France","2007","All genders","Not applicable","Number","221851.04"
"France","2006","All genders","Not applicable","Number","210591.09"
"France","2005","All genders","Not applicable","Number","202506.79"
"France","2004","All genders","Not applicable","Number","202377.2"
"France","2003","All genders","Not applicable","Number","192789.91"
"France","2002","All genders","Not applicable","Number","186420"
"France","2001","All genders","Not applicable","Number","177372"
"France","2000","All genders","Not applicable","Number","172070"
"France","1999","All genders","Not applicable","Number","160424"
"France","1998","All genders","Not applicable","Number","155727.04"
"France","1997","All genders","Not applicable","Number","154742.4"
"France","1996","All genders","Not applicable","Number","154827"
"Gambia","2011","All genders","Not applicable","Number","58.6"
"Gambia","2009","All genders","Not applicable","Number","179"
"Gambia","2008","All genders","Not applicable","Number","155"
"Germany","2012","All genders","Not applicable","Number","342700"
"Germany","2011","All genders","Not applicable","Number","338608"
"Germany","2010","All genders","Not applicable","Number","327953.11"
"Germany","2009","All genders","Not applicable","Number","317225.75"
"Germany","2008","All genders","Not applicable","Number","302467.42"
"Germany","2007","All genders","Not applicable","Number","290853"
"Germany","2006","All genders","Not applicable","Number","279822"
"Germany","2005","All genders","Not applicable","Number","272148"
"Germany","2004","All genders","Not applicable","Number","270215"
"Germany","2003","All genders","Not applicable","Number","268942"
"Germany","2002","All genders","Not applicable","Number","265812"
"Germany","2001","All genders","Not applicable","Number","264385"
"Germany","2000","All genders","Not applicable","Number","257874"
"Germany","1999","All genders","Not applicable","Number","254691"
"Germany","1998","All genders","Not applicable","Number","237712"
"Germany","1997","All genders","Not applicable","Number","235793"
"Germany","1996","All genders","Not applicable","Number","230189"
"Ghana","2010","All genders","Not applicable","Number","940.6"
"Ghana","2007","All genders","Not applicable","Number","392.3"
"Greece","2012","All genders","Not applicable","Number","24122"
"Greece","2011","All genders","Not applicable","Number","24674.3"
"Greece","2007","All genders","Not applicable","Number","21014"
"Greece","2006","All genders","Not applicable","Number","19906.9"
"Greece","2005","All genders","Not applicable","Number","19592.78"
"Greece","2003","All genders","Not applicable","Number","15631.26"
"Greece","2001","All genders","Not applicable","Number","14371.31"
"Greece","1999","All genders","Not applicable","Number","14747.63"
"Greece","1997","All genders","Not applicable","Number","10964.4"
"Greenland","2004","All genders","Not applicable","Number","39.9"
"Greenland","2003","All genders","Not applicable","Number","36.7"
"Greenland","2002","All genders","Not applicable","Number","30.5"
"Greenland","2001","All genders","Not applicable","Number","30.2"
"Guam","2005","All genders","Not applicable","Number","48"
"Guam","2004","All genders","Not applicable","Number","50"
"Guam","2003","All genders","Not applicable","Number","45"
"Guatemala","2011","All genders","Not applicable","Number","370"
"Guatemala","2010","All genders","Not applicable","Number","363"
"Guatemala","2009","All genders","Not applicable","Number","554"
"Guatemala","2008","All genders","Not applicable","Number","540"
"Guatemala","2007","All genders","Not applicable","Number","467"
"Guatemala","2006","All genders","Not applicable","Number","325"
"Guatemala","2005","All genders","Not applicable","Number","388"
"Hong Kong Special Administrative Region of China","2010","All genders","Not applicable","Number","20622"
"Hong Kong Special Administrative Region of China","2009","All genders","Not applicable","Number","19283"
"Hong Kong Special Administrative Region of China","2008","All genders","Not applicable","Number","18450"
"Hong Kong Special Administrative Region of China","2007","All genders","Not applicable","Number","19553"
"Hong Kong Special Administrative Region of China","2006","All genders","Not applicable","Number","18326"
"Hong Kong Special Administrative Region of China","2005","All genders","Not applicable","Number","18024"
"Hong Kong Special Administrative Region of China","2004","All genders","Not applicable","Number","14594"
"Hong Kong Special Administrative Region of China","2003","All genders","Not applicable","Number","13497"
"Hong Kong Special Administrative Region of China","2002","All genders","Not applicable","Number","10639"
"Hong Kong Special Administrative Region of China","2001","All genders","Not applicable","Number","9149"
"Hong Kong Special Administrative Region of China","2000","All genders","Not applicable","Number","7728"
"Hong Kong Special Administrative Region of China","1999","All genders","Not applicable","Number","7922"
"Hong Kong Special Administrative Region of China","1998","All genders","Not applicable","Number","6819"
"Hungary","2012","All genders","Not applicable","Number","23837"
"Hungary","2011","All genders","Not applicable","Number","23019"
"Hungary","2010","All genders","Not applicable","Number","21342"
"Hungary","2009","All genders","Not applicable","Number","20064"
"Hungary","2008","All genders","Not applicable","Number","18504"
"Hungary","2007","All genders","Not applicable","Number","17391"
"Hungary","2006","All genders","Not applicable","Number","17547"
"Hungary","2005","All genders","Not applicable","Number","15878"
"Hungary","2004","All genders","Not applicable","Number","14904"
"Hungary","2003","All genders","Not applicable","Number","15180"
"Hungary","2002","All genders","Not applicable","Number","14965"
"Hungary","2001","All genders","Not applicable","Number","14666"
"Hungary","2000","All genders","Not applicable","Number","14406"
"Hungary","1999","All genders","Not applicable","Number","12579"
"Hungary","1998","All genders","Not applicable","Number","11731"
"Hungary","1997","All genders","Not applicable","Number","11154"
"Hungary","1996","All genders","Not applicable","Number","10408"
"Iceland","2011","All genders","Not applicable","Number","2258.3"
"Iceland","2009","All genders","Not applicable","Number","2505.1"
"Iceland","2008","All genders","Not applicable","Number","2307.67"
"Iceland","2007","All genders","Not applicable","Number","2208.3"
"Iceland","2006","All genders","Not applicable","Number","2399.76"
"Iceland","2005","All genders","Not applicable","Number","2154.9"
"Iceland","2003","All genders","Not applicable","Number","1917"
"Iceland","2001","All genders","Not applicable","Number","1859.4"
"Iceland","1999","All genders","Not applicable","Number","1577.5"
"Iceland","1998","All genders","Not applicable","Number","1414.29"
"Iceland","1997","All genders","Not applicable","Number","1340.9"
"India","2010","All genders","Not applicable","Number","192819"
"India","2005","All genders","Not applicable","Number","154827"
"India","2000","All genders","Not applicable","Number","115936"
"India","1998","All genders","Not applicable","Number","117528"
"India","1996","All genders","Not applicable","Number","149326"
"Indonesia","2009","All genders","Not applicable","Number","21349"
"Indonesia","2001","All genders","Not applicable","Number","42722"
"Indonesia","2000","All genders","Not applicable","Number","44984"
"Iran, Islamic Republic of","2008","All genders","Not applicable","Number","54268"
"Iran, Islamic Republic of","2006","All genders","Not applicable","Number","50546"
"Iraq","2011","All genders","Not applicable","Number","13559"
"Iraq","2010","All genders","Not applicable","Number","12849"
"Iraq","2009","All genders","Not applicable","Number","12048"
"Iraq","2008","All genders","Not applicable","Number","11112"
"Iraq","2007","All genders","Not applicable","Number","10537"
"Ireland","2012","All genders","Not applicable","Number","16076"
"Ireland","2011","All genders","Not applicable","Number","15172"
"Ireland","2010","All genders","Not applicable","Number","14176"
"Ireland","2009","All genders","Not applicable","Number","14189"
"Ireland","2008","All genders","Not applicable","Number","14502"
"Ireland","2007","All genders","Not applicable","Number","12694.7"
"Ireland","2006","All genders","Not applicable","Number","12172"
"Ireland","2005","All genders","Not applicable","Number","11587"
"Ireland","2004","All genders","Not applicable","Number","11010"
"Ireland","2003","All genders","Not applicable","Number","10039"
"Ireland","2002","All genders","Not applicable","Number","9376"
"Ireland","2001","All genders","Not applicable","Number","8949"
"Ireland","2000","All genders","Not applicable","Number","8516"
"Ireland","1999","All genders","Not applicable","Number","7877"
"Ireland","1998","All genders","Not applicable","Number","7719.55"
"Ireland","1997","All genders","Not applicable","Number","7047.45"
"Ireland","1996","All genders","Not applicable","Number","6420.34"
"Israel","2011","All genders","Not applicable","Number","49797"
"Italy","2012","All genders","Not applicable","Number","110823.4"
"Italy","2011","All genders","Not applicable","Number","106151.3"
"Italy","2010","All genders","Not applicable","Number","103424.3"
"Italy","2009","All genders","Not applicable","Number","101840.2"
"Italy","2008","All genders","Not applicable","Number","95766.3"
"Italy","2007","All genders","Not applicable","Number","93000.1"
"Italy","2006","All genders","Not applicable","Number","88429.6"
"Italy","2005","All genders","Not applicable","Number","82488.9"
"Italy","2004","All genders","Not applicable","Number","72012.1"
"Italy","2003","All genders","Not applicable","Number","70332.3"
"Italy","2002","All genders","Not applicable","Number","71242"
"Italy","2001","All genders","Not applicable","Number","66702"
"Italy","2000","All genders","Not applicable","Number","66110"
"Italy","1999","All genders","Not applicable","Number","65098"
"Italy","1998","All genders","Not applicable","Number","65354"
"Italy","1997","All genders","Not applicable","Number","65694"
"Italy","1996","All genders","Not applicable","Number","76441"
"Japan","2011","All genders","Not applicable","Number","656651"
"Japan","2010","All genders","Not applicable","Number","656032"
"Japan","2009","All genders","Not applicable","Number","655530"
"Japan","2008","All genders","Not applicable","Number","656676"
"Japan","2007","All genders","Not applicable","Number","684311"
"Japan","2006","All genders","Not applicable","Number","684884"
"Japan","2005","All genders","Not applicable","Number","680631"
"Japan","2004","All genders","Not applicable","Number","653747"
"Japan","2003","All genders","Not applicable","Number","652369"
"Japan","2002","All genders","Not applicable","Number","623035"
"Japan","2001","All genders","Not applicable","Number","653021"
"Japan","2000","All genders","Not applicable","Number","647572"
"Japan","1999","All genders","Not applicable","Number","658910"
"Japan","1998","All genders","Not applicable","Number","652845"
"Japan","1997","All genders","Not applicable","Number","625442"
"Japan","1996","All genders","Not applicable","Number","617365"
"Jordan","1998","All genders","Not applicable","Number","9090"
"Kazakhstan","2011","All genders","Not applicable","Number","10493"
"Kenya","2010","All genders","Not applicable","Number","9305"
"Kenya","2007","All genders","Not applicable","Number","2105.4"
"Kuwait","2011","All genders","Not applicable","Number","411"
"Kuwait","2010","All genders","Not applicable","Number","407"
"Kuwait","2009","All genders","Not applicable","Number","402"
"Kuwait","2008","All genders","Not applicable","Number","403"
"Kuwait","2007","All genders","Not applicable","Number","472"
"Kuwait","2006","All genders","Not applicable","Number","392"
"Kuwait","2005","All genders","Not applicable","Number","384"
"Kuwait","2004","All genders","Not applicable","Number","373"
"Kuwait","2003","All genders","Not applicable","Number","358"
"Kuwait","2002","All genders","Not applicable","Number","346"
"Kuwait","2001","All genders","Not applicable","Number","336"
"Kuwait","2000","All genders","Not applicable","Number","324"
"Kuwait","1999","All genders","Not applicable","Number","326"
"Kuwait","1998","All genders","Not applicable","Number","330"
"Kuwait","1997","All genders","Not applicable","Number","333"
"Lao People's Democratic Republic","2002","All genders","Not applicable","Number","87"
"Latvia","2012","All genders","Not applicable","Number","3904"
"Latvia","2011","All genders","Not applicable","Number","3947"
"Latvia","2010","All genders","Not applicable","Number","3896"
"Latvia","2009","All genders","Not applicable","Number","3621"
"Latvia","2008","All genders","Not applicable","Number","4370"
"Latvia","2007","All genders","Not applicable","Number","4157"
"Latvia","2006","All genders","Not applicable","Number","3935"
"Latvia","2005","All genders","Not applicable","Number","3282"
"Latvia","2004","All genders","Not applicable","Number","3324"
"Latvia","2003","All genders","Not applicable","Number","3203"
"Latvia","2002","All genders","Not applicable","Number","3451"
"Latvia","2001","All genders","Not applicable","Number","3497"
"Latvia","2000","All genders","Not applicable","Number","3814"
"Latvia","1999","All genders","Not applicable","Number","2626"
"Latvia","1998","All genders","Not applicable","Number","2557"
"Latvia","1997","All genders","Not applicable","Number","2610"
"Latvia","1996","All genders","Not applicable","Number","2839"
"Lesotho","2011","All genders","Not applicable","Number","11.9"
"Lesotho","2009","All genders","Not applicable","Number","45.8"
"Lesotho","2004","All genders","Not applicable","Number","20"
"Lesotho","2003","All genders","Not applicable","Number","15"
"Lesotho","2002","All genders","Not applicable","Number","12"
"Lithuania","2012","All genders","Not applicable","Number","8023"
"Lithuania","2011","All genders","Not applicable","Number","8390"
"Lithuania","2010","All genders","Not applicable","Number","8599"
"Lithuania","2009","All genders","Not applicable","Number","8490"
"Lithuania","2008","All genders","Not applicable","Number","8433"
"Lithuania","2007","All genders","Not applicable","Number","8467"
"Lithuania","2006","All genders","Not applicable","Number","7980"
"Lithuania","2005","All genders","Not applicable","Number","7637"
"Lithuania","2004","All genders","Not applicable","Number","7356"
"Lithuania","2003","All genders","Not applicable","Number","6606"
"Lithuania","2002","All genders","Not applicable","Number","6326"
"Lithuania","2001","All genders","Not applicable","Number","8075"
"Lithuania","2000","All genders","Not applicable","Number","7777"
"Lithuania","1999","All genders","Not applicable","Number","8539"
"Lithuania","1998","All genders","Not applicable","Number","8436"
"Lithuania","1997","All genders","Not applicable","Number","7800"
"Lithuania","1996","All genders","Not applicable","Number","7532"
"Luxembourg","2012","All genders","Not applicable","Number","3244"
"Luxembourg","2011","All genders","Not applicable","Number","3002"
"Luxembourg","2010","All genders","Not applicable","Number","2636"
"Luxembourg","2009","All genders","Not applicable","Number","2396.4"
"Luxembourg","2008","All genders","Not applicable","Number","2287.6"
"Luxembourg","2007","All genders","Not applicable","Number","2200.6"
"Luxembourg","2006","All genders","Not applicable","Number","2054.2"
"Luxembourg","2005","All genders","Not applicable","Number","2227"
"Luxembourg","2004","All genders","Not applicable","Number","2030.8"
"Luxembourg","2003","All genders","Not applicable","Number","1949"
"Luxembourg","2000","All genders","Not applicable","Number","1645.6"
"Macao Special Administrative Region of China","2011","All genders","Not applicable","Number","259.95"
"Macao Special Administrative Region of China","2010","All genders","Not applicable","Number","268.65"
"Macao Special Administrative Region of China","2009","All genders","Not applicable","Number","254.15"
"Macao Special Administrative Region of China","2008","All genders","Not applicable","Number","200.2"
"Macao Special Administrative Region of China","2007","All genders","Not applicable","Number","195.7"
"Macao Special Administrative Region of China","2006","All genders","Not applicable","Number","274.6"
"Macao Special Administrative Region of China","2005","All genders","Not applicable","Number","297.5"
"Macao Special Administrative Region of China","2004","All genders","Not applicable","Number","244.4"
"Macao Special Administrative Region of China","2003","All genders","Not applicable","Number","146.9"
"Macao Special Administrative Region of China","2002","All genders","Not applicable","Number","105"
"Macao Special Administrative Region of China","2001","All genders","Not applicable","Number","114.3"
"Madagascar","2011","All genders","Not applicable","Number","1106"
"Madagascar","2010","All genders","Not applicable","Number","1099"
"Madagascar","2009","All genders","Not applicable","Number","930"
"Madagascar","2008","All genders","Not applicable","Number","930"
"Madagascar","2007","All genders","Not applicable","Number","937"
"Madagascar","2006","All genders","Not applicable","Number","899"
"Madagascar","2005","All genders","Not applicable","Number","879"
"Madagascar","2004","All genders","Not applicable","Number","848"
"Madagascar","2003","All genders","Not applicable","Number","814"
"Madagascar","2002","All genders","Not applicable","Number","788"
"Madagascar","2001","All genders","Not applicable","Number","822"
"Madagascar","2000","All genders","Not applicable","Number","240"
"Madagascar","1999","All genders","Not applicable","Number","227"
"Madagascar","1998","All genders","Not applicable","Number","213"
"Malawi","2010","All genders","Not applicable","Number","732.1"
"Malawi","2007","All genders","Not applicable","Number","405.7"
"Malaysia","2011","All genders","Not applicable","Number","47242.1"
"Malaysia","2010","All genders","Not applicable","Number","41253.37"
"Malaysia","2009","All genders","Not applicable","Number","29608.18"
"Malaysia","2008","All genders","Not applicable","Number","16344.53"
"Malaysia","2006","All genders","Not applicable","Number","9694.3"
"Malaysia","2004","All genders","Not applicable","Number","12669.5"
"Malaysia","2002","All genders","Not applicable","Number","7157"
"Malaysia","2000","All genders","Not applicable","Number","6423"
"Malaysia","1998","All genders","Not applicable","Number","3416"
"Malaysia","1996","All genders","Not applicable","Number","1894"
"Mali","2010","All genders","Not applicable","Number","442.5"
"Mali","2006","All genders","Not applicable","Number","513"
"Malta","2012","All genders","Not applicable","Number","793"
"Malta","2011","All genders","Not applicable","Number","759"
"Malta","2010","All genders","Not applicable","Number","599"
"Malta","2009","All genders","Not applicable","Number","494"
"Malta","2008","All genders","Not applicable","Number","541"
"Malta","2007","All genders","Not applicable","Number","492"
"Malta","2006","All genders","Not applicable","Number","521"
"Malta","2005","All genders","Not applicable","Number","479"
"Malta","2004","All genders","Not applicable","Number","436"
"Malta","2003","All genders","Not applicable","Number","276"
"Malta","2002","All genders","Not applicable","Number","272"
"Mexico","2011","All genders","Not applicable","Number","46124.96"
"Mexico","2010","All genders","Not applicable","Number","45044.72"
"Mexico","2009","All genders","Not applicable","Number","42972.61"
"Mexico","2008","All genders","Not applicable","Number","37638.9"
"Mexico","2007","All genders","Not applicable","Number","37930"
"Mexico","2006","All genders","Not applicable","Number","36264"
"Mexico","2005","All genders","Not applicable","Number","43922"
"Mexico","2004","All genders","Not applicable","Number","39724"
"Mexico","2003","All genders","Not applicable","Number","33558"
"Mexico","2002","All genders","Not applicable","Number","31132"
"Mexico","2001","All genders","Not applicable","Number","23390.31"
"Mexico","2000","All genders","Not applicable","Number","22228"
"Mexico","1999","All genders","Not applicable","Number","21879"
"Mexico","1998","All genders","Not applicable","Number","20832"
"Mexico","1997","All genders","Not applicable","Number","21417"
"Mexico","1996","All genders","Not applicable","Number","19894"
"Moldova","2011","All genders","Not applicable","Number","2767"
"Moldova","2010","All genders","Not applicable","Number","2709"
"Moldova","2009","All genders","Not applicable","Number","2861"
"Moldova","2008","All genders","Not applicable","Number","2933"
"Moldova","2007","All genders","Not applicable","Number","2592"
"Moldova","2006","All genders","Not applicable","Number","2507"
"Moldova","2005","All genders","Not applicable","Number","2583"
"Moldova","2004","All genders","Not applicable","Number","2725"
"Moldova","2003","All genders","Not applicable","Number","2737"
"Monaco","2005","All genders","Not applicable","Number","10"
"Monaco","2004","All genders","Not applicable","Number","9"
"Montenegro","2011","All genders","Not applicable","Number","473.5"
"Morocco","2011","All genders","Not applicable","Number","27714"
"Morocco","2010","All genders","Not applicable","Number","23280"
"Morocco","2008","All genders","Not applicable","Number","20703"
"Morocco","2007","All genders","Not applicable","Number","19964"
"Morocco","2006","All genders","Not applicable","Number","19972"
"Mozambique","2010","All genders","Not applicable","Number","912.34"
"Mozambique","2009","All genders","Not applicable","Number","272.58"
"Mozambique","2008","All genders","Not applicable","Number","443.8"
"Mozambique","2006","All genders","Not applicable","Number","337"
"Myanmar","2002","All genders","Not applicable","Number","837"
"Myanmar","2001","All genders","Not applicable","Number","574"
"Myanmar","1999","All genders","Not applicable","Number","510"
"Myanmar","1998","All genders","Not applicable","Number","336"
"Myanmar","1997","All genders","Not applicable","Number","329"
"Nepal","2002","All genders","Not applicable","Number","1500"
"Netherlands","2012","All genders","Not applicable","Number","58598.6"
"Netherlands","2011","All genders","Not applicable","Number","58447.26"
"Netherlands","2010","All genders","Not applicable","Number","53703"
"Netherlands","2009","All genders","Not applicable","Number","46958"
"Netherlands","2008","All genders","Not applicable","Number","50727"
"Netherlands","2007","All genders","Not applicable","Number","51057"
"Netherlands","2006","All genders","Not applicable","Number","53150"
"Netherlands","2005","All genders","Not applicable","Number","47854"
"Netherlands","2004","All genders","Not applicable","Number","48402"
"Netherlands","2003","All genders","Not applicable","Number","43805"
"Netherlands","2002","All genders","Not applicable","Number","43875"
"Netherlands","2001","All genders","Not applicable","Number","45599"
"Netherlands","2000","All genders","Not applicable","Number","42194"
"Netherlands","1999","All genders","Not applicable","Number","41803"
"Netherlands","1998","All genders","Not applicable","Number","39081"
"Netherlands","1997","All genders","Not applicable","Number","38053"
"Netherlands","1996","All genders","Not applicable","Number","35535"
"New Zealand","2011","All genders","Not applicable","Number","16300"
"New Zealand","2009","All genders","Not applicable","Number","16100"
"New Zealand","2007","All genders","Not applicable","Number","14600"
"New Zealand","2005","All genders","Not applicable","Number","12986"
"New Zealand","2003","All genders","Not applicable","Number","12363"
"New Zealand","2001","All genders","Not applicable","Number","10328.5"
"New Zealand","1999","All genders","Not applicable","Number","8768"
"New Zealand","1997","All genders","Not applicable","Number","8264.26"
"Nicaragua","1997","All genders","Not applicable","Number","340"
"Niger","2005","All genders","Not applicable","Number","101"
"Niger","2004","All genders","Not applicable","Number","106"
"Niger","2003","All genders","Not applicable","Number","100"
"Niger","2002","All genders","Not applicable","Number","104"
"Niger","2001","All genders","Not applicable","Number","109"
"Nigeria","2007","All genders","Not applicable","Number","5676.5"
"Norway","2012","All genders","Not applicable","Number","27908"
"Norway","2011","All genders","Not applicable","Number","27228"
"Norway","2010","All genders","Not applicable","Number","26451"
"Norway","2009","All genders","Not applicable","Number","26273"
"Norway","2008","All genders","Not applicable","Number","25578"
"Norway","2007","All genders","Not applicable","Number","24350.6"
"Norway","2006","All genders","Not applicable","Number","22579.6"
"Norway","2005","All genders","Not applicable","Number","21200.3"
"Norway","2004","All genders","Not applicable","Number","20662.3"
"Norway","2003","All genders","Not applicable","Number","20546.8"
"Norway","2001","All genders","Not applicable","Number","19685"
"Norway","1999","All genders","Not applicable","Number","18295"
"Norway","1997","All genders","Not applicable","Number","17490"
"Occupied Palestinian Territory","2010","All genders","Not applicable","Number","1312"
"Occupied Palestinian Territory","2009","All genders","Not applicable","Number","567"
"Occupied Palestinian Territory","2008","All genders","Not applicable","Number","363"
"Occupied Palestinian Territory","2007","All genders","Not applicable","Number","280"
"Oman","2011","All genders","Not applicable","Number","483.63"
"Pakistan","2011","All genders","Not applicable","Number","26223"
"Pakistan","2009","All genders","Not applicable","Number","27602"
"Pakistan","2007","All genders","Not applicable","Number","26338"
"Pakistan","2005","All genders","Not applicable","Number","12689"
"Pakistan","1997","All genders","Not applicable","Number","9977"
"Panama","2010","All genders","Not applicable","Number","410"
"Panama","2009","All genders","Not applicable","Number","394"
"Panama","2008","All genders","Not applicable","Number","379"
"Panama","2007","All genders","Not applicable","Number","476"
"Panama","2006","All genders","Not applicable","Number","300"
"Panama","2005","All genders","Not applicable","Number","344"
"Panama","2004","All genders","Not applicable","Number","304"
"Panama","2003","All genders","Not applicable","Number","304"
"Panama","2002","All genders","Not applicable","Number","297"
"Panama","2001","All genders","Not applicable","Number","276"
"Panama","2000","All genders","Not applicable","Number","286"
"Panama","1999","All genders","Not applicable","Number","288"
"Panama","1998","All genders","Not applicable","Number","461"
"Panama","1997","All genders","Not applicable","Number","326.8"
"Panama","1996","All genders","Not applicable","Number","312.7"
"Paraguay","2011","All genders","Not applicable","Number","317"
"Paraguay","2008","All genders","Not applicable","Number","466"
"Paraguay","2005","All genders","Not applicable","Number","419.2"
"Paraguay","2004","All genders","Not applicable","Number","495.1"
"Paraguay","2003","All genders","Not applicable","Number","458.4"
"Paraguay","2002","All genders","Not applicable","Number","455"
"Paraguay","2001","All genders","Not applicable","Number","480.9"
"Philippines","2007","All genders","Not applicable","Number","6957"
"Philippines","2005","All genders","Not applicable","Number","6896"
"Philippines","2003","All genders","Not applicable","Number","5860"
"Poland","2012","All genders","Not applicable","Number","67000.8"
"Poland","2011","All genders","Not applicable","Number","64132.8"
"Poland","2010","All genders","Not applicable","Number","64511.1"
"Poland","2009","All genders","Not applicable","Number","61105"
"Poland","2008","All genders","Not applicable","Number","61805.2"
"Poland","2007","All genders","Not applicable","Number","61395.3"
"Poland","2006","All genders","Not applicable","Number","59572.7"
"Poland","2005","All genders","Not applicable","Number","62162.2"
"Poland","2004","All genders","Not applicable","Number","60944"
"Poland","2003","All genders","Not applicable","Number","58595"
"Poland","2002","All genders","Not applicable","Number","56725"
"Poland","2001","All genders","Not applicable","Number","56148"
"Poland","2000","All genders","Not applicable","Number","55174"
"Poland","1999","All genders","Not applicable","Number","56433"
"Poland","1998","All genders","Not applicable","Number","56179"
"Poland","1997","All genders","Not applicable","Number","55602"
"Poland","1996","All genders","Not applicable","Number","52474"
"Portugal","2012","All genders","Not applicable","Number","50694.31"
"Portugal","2011","All genders","Not applicable","Number","50061.2"
"Portugal","2010","All genders","Not applicable","Number","46255.9"
"Portugal","2009","All genders","Not applicable","Number","44084.19"
"Portugal","2008","All genders","Not applicable","Number","40407.95"
"Portugal","2007","All genders","Not applicable","Number","28175.89"
"Portugal","2006","All genders","Not applicable","Number","24651.07"
"Portugal","2005","All genders","Not applicable","Number","21126.25"
"Portugal","2004","All genders","Not applicable","Number","20684.13"
"Portugal","2003","All genders","Not applicable","Number","20242"
"Portugal","2002","All genders","Not applicable","Number","18983.56"
"Portugal","2001","All genders","Not applicable","Number","17725.12"
"Portugal","2000","All genders","Not applicable","Number","16738.31"
"Portugal","1999","All genders","Not applicable","Number","15751.5"
"Portugal","1998","All genders","Not applicable","Number","14696.91"
"Portugal","1997","All genders","Not applicable","Number","13642.31"
"Portugal","1996","All genders","Not applicable","Number","12620.76"
"Puerto Rico","2009","All genders","Not applicable","Number","2508"
"Republic of Korea","2011","All genders","Not applicable","Number","288900.96"
"Republic of Korea","2010","All genders","Not applicable","Number","264117.94"
"Republic of Korea","2009","All genders","Not applicable","Number","244076.77"
"Republic of Korea","2008","All genders","Not applicable","Number","236136.87"
"Republic of Korea","2007","All genders","Not applicable","Number","221928.23"
"Republic of Korea","2006","All genders","Not applicable","Number","199990.02"
"Republic of Korea","2005","All genders","Not applicable","Number","179812.43"
"Republic of Korea","2004","All genders","Not applicable","Number","156219.69"
"Republic of Korea","2003","All genders","Not applicable","Number","151254"
"Republic of Korea","2002","All genders","Not applicable","Number","141917"
"Republic of Korea","2001","All genders","Not applicable","Number","136337"
"Republic of Korea","2000","All genders","Not applicable","Number","108370"
"Republic of Korea","1999","All genders","Not applicable","Number","100210"
"Republic of Korea","1998","All genders","Not applicable","Number","92541"
"Republic of Korea","1997","All genders","Not applicable","Number","102660"
"Republic of Korea","1996","All genders","Not applicable","Number","99433"
"Romania","2012","All genders","Not applicable","Number","18016"
"Romania","2011","All genders","Not applicable","Number","16080"
"Romania","2010","All genders","Not applicable","Number","19780"
"Romania","2009","All genders","Not applicable","Number","19271"
"Romania","2008","All genders","Not applicable","Number","19394"
"Romania","2007","All genders","Not applicable","Number","18808"
"Romania","2006","All genders","Not applicable","Number","19021"
"Romania","2005","All genders","Not applicable","Number","22958"
"Romania","2004","All genders","Not applicable","Number","21257"
"Romania","2003","All genders","Not applicable","Number","20965"
"Romania","2002","All genders","Not applicable","Number","20286"
"Romania","2001","All genders","Not applicable","Number","19726"
"Romania","2000","All genders","Not applicable","Number","20476"
"Romania","1999","All genders","Not applicable","Number","23473"
"Romania","1998","All genders","Not applicable","Number","27494"
"Romania","1997","All genders","Not applicable","Number","28431"
"Romania","1996","All genders","Not applicable","Number","30303"
"Russian Federation","2012","All genders","Not applicable","Number","443269"
"Russian Federation","2011","All genders","Not applicable","Number","447579"
"Russian Federation","2010","All genders","Not applicable","Number","442071"
"Russian Federation","2009","All genders","Not applicable","Number","442263"
"Russian Federation","2008","All genders","Not applicable","Number","451213"
"Russian Federation","2007","All genders","Not applicable","Number","469076"
"Russian Federation","2006","All genders","Not applicable","Number","464357"
"Russian Federation","2005","All genders","Not applicable","Number","464577"
"Russian Federation","2004","All genders","Not applicable","Number","477647"
"Russian Federation","2003","All genders","Not applicable","Number","487477"
"Russian Federation","2002","All genders","Not applicable","Number","491944"
"Russian Federation","2001","All genders","Not applicable","Number","505778"
"Russian Federation","2000","All genders","Not applicable","Number","506420"
"Russian Federation","1999","All genders","Not applicable","Number","497030"
"Russian Federation","1998","All genders","Not applicable","Number","492494"
"Russian Federation","1997","All genders","Not applicable","Number","532469"
"Russian Federation","1996","All genders","Not applicable","Number","562070"
"Rwanda","2009","All genders","Not applicable","Number","123.2"
"Rwanda","2008","All genders","Not applicable","Number","103.8"
"Saint Helena","2000","All genders","Not applicable","Number","2"
"Saint Helena","1999","All genders","Not applicable","Number","4"
"Saint Helena","1998","All genders","Not applicable","Number","3"
"Senegal","2010","All genders","Not applicable","Number","4679"
"Senegal","2008","All genders","Not applicable","Number","4526.9"
"Senegal","2007","All genders","Not applicable","Number","3277"
"Senegal","2006","All genders","Not applicable","Number","3011"
"Serbia","2012","All genders","Not applicable","Number","11802"
"Serbia","2011","All genders","Not applicable","Number","11719.9"
"Serbia","2010","All genders","Not applicable","Number","10984.95"
"Serbia","2009","All genders","Not applicable","Number","10443.94"
"Serbia","2008","All genders","Not applicable","Number","9978.2"
"Serbia","2007","All genders","Not applicable","Number","8806.1"
"Seychelles","2005","All genders","Not applicable","Number","13"
"Singapore","2012","All genders","Not applicable","Number","34141"
"Singapore","2011","All genders","Not applicable","Number","33718.5"
"Singapore","2010","All genders","Not applicable","Number","32030.57"
"Singapore","2009","All genders","Not applicable","Number","30530.24"
"Singapore","2008","All genders","Not applicable","Number","27841"
"Singapore","2007","All genders","Not applicable","Number","27301.4"
"Singapore","2006","All genders","Not applicable","Number","25033.42"
"Singapore","2005","All genders","Not applicable","Number","23789.31"
"Singapore","2004","All genders","Not applicable","Number","21359.22"
"Singapore","2003","All genders","Not applicable","Number","20023.85"
"Singapore","2002","All genders","Not applicable","Number","18120.23"
"Singapore","2001","All genders","Not applicable","Number","16740.42"
"Singapore","2000","All genders","Not applicable","Number","16632.81"
"Singapore","1999","All genders","Not applicable","Number","12598.42"
"Singapore","1998","All genders","Not applicable","Number","11396.1"
"Singapore","1997","All genders","Not applicable","Number","9704.1"
"Singapore","1996","All genders","Not applicable","Number","9108"
"Slovakia","2012","All genders","Not applicable","Number","15270.9"
"Slovakia","2011","All genders","Not applicable","Number","15325.9"
"Slovakia","2010","All genders","Not applicable","Number","15182.8"
"Slovakia","2009","All genders","Not applicable","Number","13290"
"Slovakia","2008","All genders","Not applicable","Number","12587.3"
"Slovakia","2007","All genders","Not applicable","Number","12354.2"
"Slovakia","2006","All genders","Not applicable","Number","11775.9"
"Slovakia","2005","All genders","Not applicable","Number","10920.6"
"Slovakia","2004","All genders","Not applicable","Number","10717.8"
"Slovakia","2003","All genders","Not applicable","Number","9627"
"Slovakia","2002","All genders","Not applicable","Number","9181"
"Slovakia","2001","All genders","Not applicable","Number","9585"
"Slovakia","2000","All genders","Not applicable","Number","9955"
"Slovakia","1999","All genders","Not applicable","Number","9204"
"Slovakia","1998","All genders","Not applicable","Number","10145"
"Slovakia","1997","All genders","Not applicable","Number","9993"
"Slovakia","1996","All genders","Not applicable","Number","10010"
"Slovenia","2012","All genders","Not applicable","Number","9093"
"Slovenia","2011","All genders","Not applicable","Number","8774"
"Slovenia","2010","All genders","Not applicable","Number","7703"
"Slovenia","2009","All genders","Not applicable","Number","7446"
"Slovenia","2008","All genders","Not applicable","Number","7032"
"Slovenia","2007","All genders","Not applicable","Number","6250"
"Slovenia","2006","All genders","Not applicable","Number","5857"
"Slovenia","2005","All genders","Not applicable","Number","5253"
"Slovenia","2004","All genders","Not applicable","Number","4030"
"Slovenia","2003","All genders","Not applicable","Number","3775"
"Slovenia","2002","All genders","Not applicable","Number","4642"
"Slovenia","2001","All genders","Not applicable","Number","4498"
"Slovenia","2000","All genders","Not applicable","Number","4336"
"Slovenia","1999","All genders","Not applicable","Number","4427"
"Slovenia","1998","All genders","Not applicable","Number","4285"
"Slovenia","1997","All genders","Not applicable","Number","4022"
"Slovenia","1996","All genders","Not applicable","Number","4489"
"South Africa","2010","All genders","Not applicable","Number","18719.55"
"South Africa","2009","All genders","Not applicable","Number","19793.06"
"South Africa","2008","All genders","Not applicable","Number","19384.33"
"South Africa","2007","All genders","Not applicable","Number","19320.28"
"South Africa","2006","All genders","Not applicable","Number","18572.75"
"South Africa","2005","All genders","Not applicable","Number","17303.02"
"South Africa","2004","All genders","Not applicable","Number","17914.51"
"South Africa","2003","All genders","Not applicable","Number","14130.9"
"South Africa","2001","All genders","Not applicable","Number","14182"
"South Africa","1997","All genders","Not applicable","Number","8533"
"Spain","2012","All genders","Not applicable","Number","127129"
"Spain","2011","All genders","Not applicable","Number","130234.9"
"Spain","2010","All genders","Not applicable","Number","134653"
"Spain","2009","All genders","Not applicable","Number","133803.4"
"Spain","2008","All genders","Not applicable","Number","130986.3"
"Spain","2007","All genders","Not applicable","Number","122624.1"
"Spain","2006","All genders","Not applicable","Number","115798.4"
"Spain","2005","All genders","Not applicable","Number","109720.3"
"Spain","2004","All genders","Not applicable","Number","100994.4"
"Spain","2003","All genders","Not applicable","Number","92522.7"
"Spain","2002","All genders","Not applicable","Number","83317.8"
"Spain","2001","All genders","Not applicable","Number","80080.6"
"Spain","2000","All genders","Not applicable","Number","76669.7"
"Spain","1999","All genders","Not applicable","Number","61568"
"Spain","1998","All genders","Not applicable","Number","60269"
"Spain","1997","All genders","Not applicable","Number","53883"
"Spain","1996","All genders","Not applicable","Number","51633"
"Sri Lanka","2010","All genders","Not applicable","Number","2140"
"Sri Lanka","2008","All genders","Not applicable","Number","1972"
"Sri Lanka","2006","All genders","Not applicable","Number","1833"
"Sri Lanka","2004","All genders","Not applicable","Number","2679"
"Sri Lanka","2000","All genders","Not applicable","Number","2537"
"Sri Lanka","1996","All genders","Not applicable","Number","3448"
"Sweden","2012","All genders","Not applicable","Number","49280"
"Sweden","2011","All genders","Not applicable","Number","48589"
"Sweden","2010","All genders","Not applicable","Number","49312"
"Sweden","2009","All genders","Not applicable","Number","47160"
"Sweden","2008","All genders","Not applicable","Number","50220"
"Sweden","2007","All genders","Not applicable","Number","45812"
"Sweden","2006","All genders","Not applicable","Number","55729"
"Sweden","2005","All genders","Not applicable","Number","55090"
"Sweden","2004","All genders","Not applicable","Number","48784"
"Sweden","2003","All genders","Not applicable","Number","48186"
"Sweden","2001","All genders","Not applicable","Number","45995.37"
"Sweden","1999","All genders","Not applicable","Number","39920.78"
"Sweden","1997","All genders","Not applicable","Number","36878"
"Switzerland","2008","All genders","Not applicable","Number","25141.7"
"Switzerland","2004","All genders","Not applicable","Number","25400"
"Switzerland","2000","All genders","Not applicable","Number","26105"
"Switzerland","1996","All genders","Not applicable","Number","22105"
"Thailand","2009","All genders","Not applicable","Number","22000"
"Thailand","2007","All genders","Not applicable","Number","21392"
"Thailand","2005","All genders","Not applicable","Number","20506"
"Thailand","2003","All genders","Not applicable","Number","18114"
"Thailand","2001","All genders","Not applicable","Number","17710"
"Thailand","1999","All genders","Not applicable","Number","10418"
"Thailand","1997","All genders","Not applicable","Number","4409"
"Thailand","1996","All genders","Not applicable","Number","6038"
"The former Yugoslav Republic of Macedonia","2009","All genders","Not applicable","Number","893"
"The former Yugoslav Republic of Macedonia","2008","All genders","Not applicable","Number","968"
"The former Yugoslav Republic of Macedonia","2007","All genders","Not applicable","Number","1038"
"The former Yugoslav Republic of Macedonia","2006","All genders","Not applicable","Number","1062"
"The former Yugoslav Republic of Macedonia","2005","All genders","Not applicable","Number","1113"
"The former Yugoslav Republic of Macedonia","2004","All genders","Not applicable","Number","1069"
"The former Yugoslav Republic of Macedonia","2003","All genders","Not applicable","Number","1118"
"The former Yugoslav Republic of Macedonia","2002","All genders","Not applicable","Number","1164"
"The former Yugoslav Republic of Macedonia","2001","All genders","Not applicable","Number","1240"
"The former Yugoslav Republic of Macedonia","2000","All genders","Not applicable","Number","1325"
"The former Yugoslav Republic of Macedonia","1999","All genders","Not applicable","Number","1356"
"The former Yugoslav Republic of Macedonia","1998","All genders","Not applicable","Number","1375"
"The former Yugoslav Republic of Macedonia","1997","All genders","Not applicable","Number","1224"
"Togo","2010","All genders","Not applicable","Number","220.3"
"Togo","2007","All genders","Not applicable","Number","216"
"Togo","2006","All genders","Not applicable","Number","136"
"Togo","2005","All genders","Not applicable","Number","186"
"Togo","2004","All genders","Not applicable","Number","137"
"Togo","2003","All genders","Not applicable","Number","142"
"Tunisia","2008","All genders","Not applicable","Number","19086"
"Tunisia","2007","All genders","Not applicable","Number","18301"
"Tunisia","2006","All genders","Not applicable","Number","15833"
"Tunisia","2005","All genders","Not applicable","Number","14650"
"Tunisia","2004","All genders","Not applicable","Number","12950"
"Tunisia","2003","All genders","Not applicable","Number","11265"
"Tunisia","2002","All genders","Not applicable","Number","9910"
"Tunisia","2001","All genders","Not applicable","Number","8515"
"Tunisia","2000","All genders","Not applicable","Number","7516"
"Tunisia","1999","All genders","Not applicable","Number","6911"
"Tunisia","1998","All genders","Not applicable","Number","6563"
"Turkey","2011","All genders","Not applicable","Number","72108.6"
"Turkey","2010","All genders","Not applicable","Number","64340.96"
"Turkey","2009","All genders","Not applicable","Number","57758.56"
"Turkey","2008","All genders","Not applicable","Number","52810.86"
"Turkey","2007","All genders","Not applicable","Number","49667.86"
"Turkey","2006","All genders","Not applicable","Number","42663.48"
"Turkey","2005","All genders","Not applicable","Number","39138.98"
"Turkey","2004","All genders","Not applicable","Number","33876.55"
"Turkey","2003","All genders","Not applicable","Number","32660"
"Turkey","2002","All genders","Not applicable","Number","23995"
"Turkey","2001","All genders","Not applicable","Number","22702"
"Turkey","2000","All genders","Not applicable","Number","23083"
"Turkey","1999","All genders","Not applicable","Number","20065"
"Turkey","1998","All genders","Not applicable","Number","18925"
"Turkey","1997","All genders","Not applicable","Number","18908"
"Turkey","1996","All genders","Not applicable","Number","18085"
"Uganda","2010","All genders","Not applicable","Number","1262.7"
"Ukraine","2011","All genders","Not applicable","Number","57386.5"
"Ukraine","2010","All genders","Not applicable","Number","60811.5"
"Ukraine","2009","All genders","Not applicable","Number","61858.2"
"Ukraine","2008","All genders","Not applicable","Number","65927.9"
"Ukraine","2007","All genders","Not applicable","Number","67492.5"
"Ukraine","2006","All genders","Not applicable","Number","68764.3"
"United Kingdom of Great Britain and Northern Ireland","2012","All genders","Not applicable","Number","252652.1"
"United Kingdom of Great Britain and Northern Ireland","2011","All genders","Not applicable","Number","251357.56"
"United Kingdom of Great Britain and Northern Ireland","2010","All genders","Not applicable","Number","256584.96"
"United Kingdom of Great Britain and Northern Ireland","2009","All genders","Not applicable","Number","256124.11"
"United Kingdom of Great Britain and Northern Ireland","2008","All genders","Not applicable","Number","251931.7"
"United Kingdom of Great Britain and Northern Ireland","2007","All genders","Not applicable","Number","252650.8"
"United Kingdom of Great Britain and Northern Ireland","2006","All genders","Not applicable","Number","254009"
"United Kingdom of Great Britain and Northern Ireland","2005","All genders","Not applicable","Number","248599.3"
"United Kingdom of Great Britain and Northern Ireland","2004","All genders","Not applicable","Number","228969.09"
"United Kingdom of Great Britain and Northern Ireland","2003","All genders","Not applicable","Number","216689.87"
"United Kingdom of Great Britain and Northern Ireland","2002","All genders","Not applicable","Number","198162.98"
"United Kingdom of Great Britain and Northern Ireland","2001","All genders","Not applicable","Number","182143.84"
"United Kingdom of Great Britain and Northern Ireland","2000","All genders","Not applicable","Number","170554.39"
"United Kingdom of Great Britain and Northern Ireland","1999","All genders","Not applicable","Number","167573.03"
"United Kingdom of Great Britain and Northern Ireland","1998","All genders","Not applicable","Number","157662"
"United Kingdom of Great Britain and Northern Ireland","1997","All genders","Not applicable","Number","145641.2"
"United Kingdom of Great Britain and Northern Ireland","1996","All genders","Not applicable","Number","144735"
"United Republic of Tanzania","2010","All genders","Not applicable","Number","1599.6"
"United States of America","2011","All genders","Not applicable","Number","1252948.35"
"United States of America","2010","All genders","Not applicable","Number","1198279.67"
"United States of America","2009","All genders","Not applicable","Number","1250983.65"
"United States of America","2008","All genders","Not applicable","Number","1191024.18"
"United States of America","2007","All genders","Not applicable","Number","1133557.45"
"United States of America","2006","All genders","Not applicable","Number","1130181.79"
"United States of America","2005","All genders","Not applicable","Number","1101061.72"
"United States of America","2004","All genders","Not applicable","Number","1105096.65"
"United States of America","2003","All genders","Not applicable","Number","1126251.25"
"United States of America","2002","All genders","Not applicable","Number","1047242.16"
"United States of America","2001","All genders","Not applicable","Number","1013306.66"
"United States of America","2000","All genders","Not applicable","Number","983208.44"
"United States of America","1999","All genders","Not applicable","Number","963701.89"
"United States of America","1998","All genders","Not applicable","Number","936290.07"
"United States of America","1997","All genders","Not applicable","Number","879788.66"
"United States of America","1996","All genders","Not applicable","Number","841433.33"
"Uruguay","2012","All genders","Not applicable","Number","1825"
"Uruguay","2011","All genders","Not applicable","Number","1777"
"Uruguay","2010","All genders","Not applicable","Number","1853"
"Uruguay","2009","All genders","Not applicable","Number","1617"
"Uruguay","2008","All genders","Not applicable","Number","917"
"Uruguay","2002","All genders","Not applicable","Number","1242"
"Uruguay","2000","All genders","Not applicable","Number","921.71"
"Uruguay","1999","All genders","Not applicable","Number","724.13"
"Uzbekistan","2011","All genders","Not applicable","Number","15029"
"Venezuela (Bolivarian Republic of)","2012","All genders","Not applicable","Number","8686"
"Venezuela (Bolivarian Republic of)","2011","All genders","Not applicable","Number","6720"
"Venezuela (Bolivarian Republic of)","2010","All genders","Not applicable","Number","5803"
"Venezuela (Bolivarian Republic of)","2009","All genders","Not applicable","Number","5209"
"Venezuela (Bolivarian Republic of)","2008","All genders","Not applicable","Number","5261"
"Venezuela (Bolivarian Republic of)","2007","All genders","Not applicable","Number","4503"
"Venezuela (Bolivarian Republic of)","2006","All genders","Not applicable","Number","3977"
"Venezuela (Bolivarian Republic of)","2005","All genders","Not applicable","Number","3248"
"Venezuela (Bolivarian Republic of)","2004","All genders","Not applicable","Number","2749"
"Venezuela (Bolivarian Republic of)","2003","All genders","Not applicable","Number","2450"
"Venezuela (Bolivarian Republic of)","2002","All genders","Not applicable","Number","1761"
"Venezuela (Bolivarian Republic of)","2001","All genders","Not applicable","Number","1761"
"Venezuela (Bolivarian Republic of)","2000","All genders","Not applicable","Number","1495"
"Venezuela (Bolivarian Republic of)","1999","All genders","Not applicable","Number","1336"
"Venezuela (Bolivarian Republic of)","1998","All genders","Not applicable","Number","1159"
"Viet Nam","2002","All genders","Not applicable","Number","9328"
"Zambia","2008","All genders","Not applicable","Number","536"
"Zambia","1999","All genders","Not applicable","Number","536"
"Zambia","1998","All genders","Not applicable","Number","528"
"Zambia","1997","All genders","Not applicable","Number","495"
"Zambia","1996","All genders","Not applicable","Number","445"
"Zimbabwe","2012","All genders","Not applicable","Number","1305.2"

